{"remembered":{"Default":{"0":{"gk_overlap":2.8396989919068556,"gk_Reverb_Feedback":0.8962799943206012,"gk_Reverb2_Feedback":0.8519096975720566,"gk_MasterOutput_level":16.32429797719947,"gk_FM_Clang_preset":9,"gk_FM_Clang_level":6,"gk_Blower_grainDensity":0.15,"gk_Blower_grainDuration":0.2,"gk_Blower_grainAmplitudeRange":0.1,"gk_Blower_grainFrequencyRange":0.033,"gk_Blower_level":0.5,"gk_Bower_pressure":0.2,"gk_Bower_level":-2,"gk_Buzzer_Harmonics":15,"gk_Buzzer_level":0.5,"gk_Droner_partial1":0.05,"gk_Droner_partial2":0.4,"gk_Droner_partial3":0.1,"gk_Droner_partial4":0.1,"gk_Droner_partial5":0.25,"gk_Droner_level":2.485784659335444,"gk_Harpsichord_pick":0.2563797350132311,"gk_Harpsichord_reflection":0.8149206707351692,"gk_Harpsichord_pluck":0.75,"gk_Harpsichord_level":-6,"gk_Phaser_ratio1":1,"gk_Phaser_ratio2":0.5040504050405045,"gk_Phaser_index1":1,"gk_Phaser_index2":0.30603060306030627,"gk_Phaser_level":0.125,"gk_Piano_level":-19,"gk_Shiner_level":3.2043204320432395,"gk_Sweeper_britel":1.2452729986356939,"gk_Sweeper_briteh":0.5860108228873854,"gk_Sweeper_britels":2.4905459972713877,"gk_Sweeper_britehs":1.25,"gk_Sweeper_level":1.0207576021169729,"gk_YiString_reverb_send":0.5,"gk_YiString_chorus_send":0.5,"gk_YiString_level":0}},"undefined":{"0":{"gk_overlap":1,"gk_Reverb_Feedback":0.83,"gk_Reverb2_Feedback":0.75,"gk_MasterOutput_level":31.1804613297151,"gk_FM_Clang_preset":9.700200985655684,"gk_FM_Clang_level":-27,"gk_Blower_grainDensity":172.5356313611043,"gk_Blower_grainDuration":0.018354854400117478,"gk_Blower_grainAmplitudeRange":223.9292236814332,"gk_Blower_grainFrequencyRange":65.15973312041704,"gk_Blower_level":-43,"gk_Bower_pressure":0.29,"gk_Bower_level":-34,"gk_Buzzer_Harmonics":6.0432366110261615,"gk_Buzzer_level":-36.23385919991189,"gk_Droner_partial1":0.24779053440158594,"gk_Droner_partial2":0.15601626240099856,"gk_Droner_partial3":0.33956480640217335,"gk_Droner_partial4":0.33956480640217335,"gk_Droner_partial5":0.06424199040041118,"gk_Droner_level":-40,"gk_Harpsichord_pick":0.36625676430461584,"gk_Harpsichord_reflection":0.3296314286119785,"gk_Harpsichord_pluck":0.15565912482946173,"gk_Harpsichord_level":-58,"gk_Phaser_ratio1":2,"gk_Phaser_ratio2":0.4955810688031719,"gk_Phaser_index1":0.7066618944045229,"gk_Phaser_index2":0.06424199040041118,"gk_Phaser_level":-35.316116479906015,"gk_Piano_level":-58,"gk_Shiner_level":-36.23385919991189,"gk_Sweeper_britel":0.18354854400117476,"gk_Sweeper_briteh":2.459550489615742,"gk_Sweeper_britels":0.11012912640070487,"gk_Sweeper_britehs":0.9911621376063438,"gk_Sweeper_level":-23,"gk_YiString_reverb_send":0.3246899661781285,"gk_YiString_chorus_send":0.4509582863585118,"gk_YiString_level":-35}}},"closed":false,"folders":{"Master effects":{"preset":"Default","closed":false,"folders":{}},"Instruments":{"preset":"Default","closed":false,"folders":{"FM Clang":{"preset":"Default","closed":false,"folders":{}},"Blower":{"preset":"Default","closed":true,"folders":{}},"Bower":{"preset":"Default","closed":false,"folders":{}},"Buzzer":{"preset":"Default","closed":false,"folders":{}},"Droner":{"preset":"Default","closed":true,"folders":{}},"Harpsichord":{"preset":"Default","closed":false,"folders":{}},"Phaser":{"preset":"Default","closed":true,"folders":{}},"Piano":{"preset":"Default","closed":false,"folders":{}},"Shiner":{"preset":"Default","closed":true,"folders":{}},"Sweeper":{"preset":"Default","closed":false,"folders":{}},"YiString":{"preset":"Default","closed":false,"folders":{}}}}},"preset":"undefined"}