{"remembered":{"Default":{"0":{"gk_overlap":2.8396989919068556,"gk_Reverb_Feedback":0.8962799943206012,"gk_Reverb2_Feedback":0.8519096975720566,"gk_MasterOutput_level":16.32429797719947,"gk_FM_Clang_preset":9,"gk_FM_Clang_level":6,"gk_Blower_grainDensity":0.15,"gk_Blower_grainDuration":0.2,"gk_Blower_grainAmplitudeRange":0.1,"gk_Blower_grainFrequencyRange":0.033,"gk_Blower_level":0.5,"gk_Bower_pressure":0.2,"gk_Bower_level":-2,"gk_Buzzer_Harmonics":15,"gk_Buzzer_level":0.5,"gk_Droner_partial1":0.05,"gk_Droner_partial2":0.4,"gk_Droner_partial3":0.1,"gk_Droner_partial4":0.1,"gk_Droner_partial5":0.25,"gk_Droner_level":2.485784659335444,"gk_Harpsichord_pick":0.2563797350132311,"gk_Harpsichord_reflection":0.8149206707351692,"gk_Harpsichord_pluck":0.75,"gk_Harpsichord_level":-6,"gk_Phaser_ratio1":1,"gk_Phaser_ratio2":0.5040504050405045,"gk_Phaser_index1":1,"gk_Phaser_index2":0.30603060306030627,"gk_Phaser_level":0.125,"gk_Piano_level":-19,"gk_Shiner_level":3.2043204320432395,"gk_Sweeper_britel":1.2452729986356939,"gk_Sweeper_briteh":0.5860108228873854,"gk_Sweeper_britels":2.4905459972713877,"gk_Sweeper_britehs":1.25,"gk_Sweeper_level":1.0207576021169729,"gk_YiString_reverb_send":0.5,"gk_YiString_chorus_send":0.5,"gk_YiString_level":0}},"undefined":{"0":{"gk_overlap":1,"gk_Reverb_Feedback":0.83,"gk_Reverb2_Feedback":0.7,"gk_MasterOutput_level":27,"gk_FM_Clang_preset":9.460531255436628,"gk_FM_Clang_level":-9.711755926492252,"gk_Blower_grainDensity":150.60932492125144,"gk_Blower_grainDuration":0.03214223397709634,"gk_Blower_grainAmplitudeRange":168.47811158012328,"gk_Blower_grainFrequencyRange":36.62567643046158,"gk_Blower_level":-27.10895223096151,"gk_Bower_pressure":0.29,"gk_Bower_level":-22.419675313378438,"gk_Buzzer_Harmonics":6.0432366110261615,"gk_Buzzer_level":-41.759222803146145,"gk_Droner_partial1":0.05,"gk_Droner_partial2":0.4,"gk_Droner_partial3":0.1,"gk_Droner_partial4":0.1,"gk_Droner_partial5":0.25,"gk_Droner_level":-31.68716178476921,"gk_Harpsichord_pick":0.36625676430461584,"gk_Harpsichord_reflection":0.3296314286119785,"gk_Harpsichord_pluck":0.15565912482946173,"gk_Harpsichord_level":-41.759222803146145,"gk_Phaser_ratio1":2,"gk_Phaser_ratio2":2,"gk_Phaser_index1":1,"gk_Phaser_index2":0.531072308241693,"gk_Phaser_level":-33.51844560629229,"gk_Piano_level":-34.434087517053825,"gk_Shiner_level":-40,"gk_Sweeper_britel":1.5016527336489252,"gk_Sweeper_briteh":0.5860108228873854,"gk_Sweeper_britels":1.6115297629403098,"gk_Sweeper_britehs":1.25,"gk_Sweeper_level":-20.69945885563073,"gk_YiString_reverb_send":0.6958878521787701,"gk_YiString_chorus_send":0.5310531053105315,"gk_YiString_level":-31.68716178476921}}},"closed":false,"folders":{"Master effects":{"preset":"Default","closed":false,"folders":{}},"Instruments":{"preset":"Default","closed":false,"folders":{"FM Clang":{"preset":"Default","closed":false,"folders":{}},"Blower":{"preset":"Default","closed":false,"folders":{}},"Bower":{"preset":"Default","closed":true,"folders":{}},"Buzzer":{"preset":"Default","closed":true,"folders":{}},"Droner":{"preset":"Default","closed":false,"folders":{}},"Harpsichord":{"preset":"Default","closed":true,"folders":{}},"Phaser":{"preset":"Default","closed":false,"folders":{}},"Piano":{"preset":"Default","closed":false,"folders":{}},"Shiner":{"preset":"Default","closed":true,"folders":{}},"Sweeper":{"preset":"Default","closed":false,"folders":{}},"YiString":{"preset":"Default","closed":false,"folders":{}}}}},"preset":"undefined"}